date,heure_arrivee,nb_camions,nb_conteneurs,meteo,type_marchandise,temps_attente
2024-11-20,16,19,32,soleil,import,28
2024-06-21,23,113,43,soleil,import,87
2024-08-31,8,31,13,soleil,export,24
2024-07-24,8,19,55,soleil,export,36
2024-12-29,0,52,19,pluie,export,50
2024-09-22,8,10,15,soleil,export,16
2024-01-01,22,45,39,pluie,import,54
2024-01-31,22,67,34,soleil,import,48
2024-11-26,20,9,36,soleil,export,27
2024-11-12,18,81,52,soleil,import,75
2024-12-26,8,114,45,soleil,import,90
2024-11-17,4,22,37,pluie,export,37
2024-11-28,14,52,34,pluie,export,60
2024-09-07,0,92,14,pluie,import,71
2024-05-06,3,28,14,pluie,export,34
2024-05-29,21,98,50,soleil,import,74
2024-12-29,0,17,59,pluie,import,40
2024-05-17,15,43,6,soleil,export,30
2024-09-04,15,60,38,soleil,export,58
2024-02-13,20,6,59,soleil,export,36
2024-03-15,8,112,47,soleil,export,88
2024-02-19,15,13,32,pluie,export,30
2024-09-16,20,54,36,soleil,import,49
2024-05-10,19,18,40,pluie,export,36
2024-03-24,20,97,44,pluie,import,87
2024-03-06,18,45,47,soleil,import,53
2024-12-17,0,103,5,pluie,import,77
2024-11-27,18,56,5,pluie,export,51
2024-01-20,13,61,44,soleil,import,64
2024-07-14,3,35,40,pluie,import,51
2024-03-04,1,44,5,pluie,import,40
2024-08-21,17,31,25,soleil,import,32
2024-10-13,13,6,10,soleil,export,11
2024-04-17,3,113,21,pluie,export,83
2024-08-01,21,102,14,soleil,export,67
2024-08-15,5,23,9,pluie,export,26
2024-10-16,12,113,34,pluie,import,94
2024-04-12,15,10,45,soleil,import,34
2024-07-06,21,89,18,pluie,export,68
2024-02-20,13,118,46,soleil,import,98
2024-03-22,21,20,51,pluie,import,39
2024-07-25,5,90,11,pluie,import,72
2024-07-18,22,58,50,soleil,export,56
2024-02-04,15,5,24,pluie,export,22
2024-08-15,9,55,43,pluie,export,63
2024-09-12,14,7,9,soleil,import,13
2024-05-11,23,28,28,pluie,export,36
2024-10-05,4,33,59,soleil,export,46
2024-07-10,2,17,54,soleil,export,27
2024-04-19,3,100,28,soleil,export,75
2024-09-03,19,71,37,pluie,import,72
2024-10-26,2,116,8,soleil,import,76
2024-04-25,12,89,14,pluie,export,73
2024-05-10,12,106,1,soleil,export,70
2024-08-22,16,84,16,soleil,export,58
2024-07-03,19,49,19,soleil,export,45
2024-02-10,12,42,1,pluie,import,38
2024-09-14,18,24,36,pluie,import,44
2024-12-15,9,6,16,soleil,export,15
2024-06-25,23,91,41,pluie,export,79
2024-08-17,8,8,39,soleil,import,25
2024-05-08,2,83,18,soleil,import,59
2024-12-04,1,35,36,pluie,import,49
2024-07-31,4,66,8,soleil,import,44
2024-03-12,11,62,3,soleil,export,47
2024-08-09,11,73,39,pluie,import,75
2024-06-24,20,46,14,pluie,export,50
2024-06-17,11,99,49,pluie,export,89
2024-06-05,0,85,21,soleil,export,63
2024-11-30,10,46,22,pluie,import,53
2024-05-22,18,11,56,soleil,import,39
2024-06-29,19,60,22,pluie,import,62
2024-03-22,3,103,22,soleil,export,69
2024-03-12,12,59,16,soleil,import,46
2024-10-09,23,84,7,soleil,export,58
2024-04-14,14,108,53,pluie,export,98
2024-06-20,19,101,28,pluie,import,86
2024-11-25,17,33,17,soleil,export,35
2024-01-10,14,6,43,soleil,export,22
2024-04-24,4,44,9,pluie,import,45
2024-06-27,18,40,35,pluie,export,50
2024-09-25,14,101,22,pluie,export,85
2024-06-06,2,56,13,soleil,export,35
2024-04-21,14,109,25,soleil,export,85
2024-08-28,23,27,42,soleil,import,28
2024-01-12,20,38,45,soleil,import,43
2024-09-08,2,83,59,pluie,import,85
2024-10-27,19,80,22,pluie,import,73
2024-04-27,9,97,26,pluie,import,88
2024-06-17,2,31,51,pluie,export,54
2024-06-06,6,120,30,soleil,import,92
2024-09-05,17,17,54,pluie,import,41
2024-08-13,16,114,11,soleil,import,75
2024-08-14,11,104,39,pluie,export,94
2024-06-24,11,75,60,pluie,import,83
2024-04-03,10,38,24,soleil,import,42
2024-02-29,15,29,5,pluie,export,34
2024-09-10,4,95,47,soleil,export,76
2024-07-10,15,7,27,soleil,import,25
2024-02-13,23,20,56,pluie,import,46
2024-01-08,21,14,21,soleil,import,11
2024-07-20,11,94,26,pluie,export,77
2024-05-12,16,38,29,pluie,export,44
2024-05-21,4,95,48,pluie,export,84
2024-11-03,18,38,38,pluie,export,52
2024-12-11,18,107,33,soleil,import,86
2024-02-07,11,48,59,soleil,import,54
2024-03-15,2,69,45,soleil,export,55
2024-04-12,14,26,26,soleil,import,27
2024-06-11,19,74,7,pluie,import,61
2024-08-21,7,96,32,soleil,export,71
2024-04-10,18,54,24,soleil,import,51
2024-10-27,1,104,56,soleil,export,82
2024-09-03,17,75,37,pluie,export,72
2024-05-02,14,56,26,pluie,import,63
2024-08-29,18,97,4,pluie,export,75
2024-09-07,9,29,29,pluie,import,46
2024-03-16,10,28,24,pluie,export,45
2024-09-29,19,26,59,pluie,import,51
2024-07-20,22,40,2,soleil,import,28
2024-11-25,21,101,39,pluie,import,86
2024-03-17,2,41,44,soleil,export,41
2024-09-16,11,74,31,soleil,export,63
2024-11-08,18,31,37,pluie,import,45
2024-04-27,21,115,43,pluie,export,95
2024-05-28,3,23,51,pluie,import,41
2024-03-03,7,97,21,soleil,import,68
2024-04-26,20,57,32,pluie,export,61
2024-06-12,7,69,13,pluie,export,58
2024-01-11,5,62,8,pluie,import,48
2024-01-16,2,57,16,soleil,import,40
2024-01-19,5,75,55,pluie,export,75
2024-12-13,6,85,46,soleil,import,77
2024-02-18,2,58,35,soleil,import,48
2024-01-26,12,29,37,pluie,export,45
2024-05-01,12,96,3,pluie,import,68
2024-12-08,11,104,1,pluie,import,77
2024-03-11,1,57,32,pluie,export,59
2024-05-22,18,12,47,pluie,export,40
2024-05-12,5,93,37,soleil,import,70
2024-09-28,3,19,38,pluie,import,34
2024-09-11,19,118,1,pluie,import,86
2024-04-06,2,96,34,soleil,import,69
2024-09-28,5,77,29,pluie,import,67
2024-06-06,17,61,50,pluie,export,68
2024-10-13,6,87,12,pluie,export,71
2024-03-25,8,80,41,pluie,export,84
2024-08-28,9,7,35,soleil,import,22
2024-07-22,6,37,28,soleil,export,42
2024-07-28,20,46,32,soleil,export,49
2024-10-20,1,40,33,pluie,export,48
2024-07-03,1,111,43,soleil,export,80
2024-05-28,7,48,21,pluie,import,49
2024-03-03,14,37,2,soleil,export,27
2024-05-14,5,92,48,pluie,export,87
2024-03-09,7,92,29,soleil,export,73
2024-09-13,3,7,18,soleil,import,13
2024-08-15,19,93,59,soleil,import,89
2024-05-28,13,42,60,pluie,export,64
2024-12-26,12,58,48,pluie,import,73
2024-01-21,9,91,42,pluie,export,89
2024-03-07,18,84,21,soleil,import,66
2024-09-17,19,113,34,pluie,export,95
2024-08-15,13,54,35,pluie,import,63
2024-10-05,9,35,54,soleil,export,50
2024-11-21,13,78,44,soleil,export,65
2024-05-15,19,90,17,soleil,import,69
2024-06-17,14,62,15,soleil,export,44
2024-09-13,2,110,46,soleil,export,85
2024-04-27,6,115,60,soleil,export,102
2024-03-25,4,7,17,pluie,export,20
2024-02-28,11,73,2,pluie,export,54
2024-03-21,16,16,24,soleil,import,29
2024-12-15,20,50,57,soleil,import,55
2024-07-27,23,8,56,pluie,export,39
2024-10-21,14,27,27,pluie,import,41
2024-12-10,13,63,28,pluie,import,68
2024-07-15,23,29,18,soleil,export,19
2024-06-17,23,26,33,pluie,export,41
2024-11-05,11,52,1,soleil,import,34
2024-10-20,1,75,31,pluie,export,64
2024-11-24,16,5,7,soleil,export,6
2024-08-31,21,34,13,soleil,import,27
2024-02-24,13,76,38,pluie,export,80
2024-05-03,20,37,52,soleil,import,45
2024-05-11,13,66,53,soleil,import,66
2024-05-09,1,41,31,soleil,export,34
2024-05-11,17,45,43,soleil,import,51
2024-10-15,2,17,40,pluie,import,40
2024-03-25,20,15,30,pluie,export,37
2024-03-09,22,106,11,pluie,export,77
2024-01-02,8,46,20,soleil,import,36
2024-03-03,17,116,13,soleil,import,84
2024-03-18,5,107,29,pluie,export,85
2024-09-27,4,78,23,soleil,export,51
2024-04-02,6,8,33,pluie,export,38
2024-06-16,8,28,30,soleil,export,28
2024-06-28,3,88,1,pluie,import,59
2024-09-13,23,119,40,pluie,import,96
2024-05-02,23,35,44,soleil,import,40
2024-11-11,20,22,22,pluie,export,33
2024-09-15,7,80,56,pluie,export,87
2024-05-08,2,120,13,soleil,export,74
2024-09-07,12,23,21,soleil,import,28
2024-09-17,8,80,21,pluie,import,70
2024-08-17,20,86,51,soleil,import,77
2024-06-07,3,50,15,pluie,import,41
2024-12-04,2,19,11,soleil,export,13
2024-03-09,17,27,31,pluie,export,48
2024-06-12,9,59,7,pluie,import,58
2024-07-29,3,55,42,pluie,export,64
2024-12-11,22,62,9,pluie,import,47
2024-11-30,13,70,46,soleil,import,69
2024-07-17,9,57,12,pluie,export,55
2024-05-14,7,10,13,pluie,export,26
2024-10-25,1,120,49,soleil,export,86
2024-11-25,16,71,59,pluie,import,84
2024-01-09,11,73,17,pluie,export,64
2024-07-09,13,83,40,soleil,import,67
2024-02-03,11,87,54,pluie,import,93
2024-09-10,13,103,18,soleil,import,74
2024-03-20,12,13,12,soleil,export,22
2024-05-03,2,110,56,pluie,export,103
2024-03-20,18,19,32,pluie,import,34
2024-03-11,22,69,56,soleil,export,67
2024-10-19,7,46,38,soleil,import,45
2024-03-19,14,110,20,pluie,import,92
2024-07-04,13,82,32,pluie,export,77
2024-07-10,2,115,10,soleil,export,72
2024-12-13,17,8,17,pluie,export,25
2024-11-25,8,34,30,pluie,export,43
2024-04-28,9,58,23,soleil,import,53
2024-01-01,21,18,6,pluie,export,21
2024-01-12,16,41,14,pluie,import,50
2024-03-27,6,9,23,soleil,export,21
2024-07-28,2,106,9,pluie,import,79
2024-02-16,5,106,12,soleil,import,68
2024-06-22,14,91,18,soleil,export,71
2024-10-24,17,103,19,soleil,export,72
2024-05-05,17,39,49,soleil,import,45
2024-05-08,14,6,8,soleil,export,11
2024-05-26,2,114,14,soleil,export,70
2024-10-05,16,98,19,pluie,export,84
2024-02-13,6,18,27,pluie,import,38
2024-02-08,22,69,21,pluie,export,60
2024-10-08,1,85,23,soleil,import,55
2024-12-05,3,16,1,soleil,import,15
2024-07-05,18,105,45,soleil,import,85
2024-10-09,6,31,58,pluie,import,56
2024-02-04,7,18,15,pluie,export,33
2024-10-15,0,70,3,soleil,import,45
2024-03-20,0,87,5,pluie,import,60
2024-04-12,5,32,24,soleil,export,24
2024-06-21,5,88,9,pluie,export,69
2024-03-25,22,101,24,soleil,import,70
2024-09-03,0,24,25,soleil,export,27
2024-12-09,12,53,12,pluie,export,50
2024-08-12,10,86,51,pluie,import,91
2024-02-01,23,55,19,soleil,import,36
2024-01-03,7,96,21,pluie,export,86
2024-03-20,4,66,60,soleil,import,65
2024-01-04,18,64,32,pluie,import,62
2024-03-17,2,5,51,soleil,export,19
2024-11-05,7,81,21,soleil,import,63
2024-04-06,17,33,8,soleil,import,28
2024-04-17,2,103,18,pluie,export,79
2024-12-28,2,84,25,soleil,export,65
2024-01-11,4,40,5,pluie,import,37
2024-03-07,17,88,18,soleil,export,63
2024-03-18,20,83,25,soleil,export,68
2024-06-24,9,109,3,pluie,export,81
2024-10-08,0,55,33,soleil,export,44
2024-12-03,18,73,27,pluie,export,73
2024-10-22,9,57,60,pluie,export,68
2024-11-15,2,46,52,soleil,import,49
2024-05-23,19,16,4,pluie,import,30
2024-12-27,5,31,52,soleil,import,35
2024-08-16,17,109,37,soleil,import,87
2024-11-22,11,44,46,soleil,export,45
2024-12-03,20,117,11,pluie,import,86
2024-02-23,19,75,39,pluie,export,75
2024-05-10,4,120,17,pluie,import,88
2024-01-08,15,25,58,pluie,import,53
2024-11-18,5,88,36,pluie,export,78
2024-05-10,14,88,4,pluie,export,67
2024-05-10,12,69,42,pluie,import,78
2024-09-09,5,14,35,pluie,export,30
2024-03-02,4,78,10,soleil,import,54
2024-11-12,2,85,57,soleil,import,77
2024-10-06,23,45,42,pluie,export,54
2024-06-11,5,38,58,soleil,export,47
2024-10-07,20,55,36,pluie,import,57
2024-08-04,19,68,6,soleil,import,43
2024-02-08,4,15,29,pluie,export,28
2024-04-04,12,73,22,soleil,export,52
2024-05-20,16,67,3,pluie,export,55
2024-05-04,9,49,45,pluie,import,57
2024-03-01,23,62,25,pluie,export,57
2024-12-09,10,105,22,pluie,export,90
2024-05-28,10,32,27,soleil,import,39
2024-02-23,2,42,23,pluie,import,44
2024-05-13,4,35,4,soleil,import,17
2024-01-18,7,47,31,soleil,export,45
2024-09-29,10,117,55,pluie,export,108
2024-09-04,1,100,36,soleil,export,71
2024-06-08,18,60,12,pluie,export,56
2024-02-12,4,117,20,soleil,export,83
2024-10-29,7,86,26,pluie,export,76
2024-12-13,4,106,14,soleil,export,71
2024-08-11,22,55,30,pluie,export,60
2024-01-01,5,7,51,soleil,export,24
2024-08-21,8,97,32,pluie,export,89
2024-06-29,4,16,17,soleil,import,21
2024-05-11,6,69,11,pluie,export,57
2024-09-29,13,63,42,soleil,import,59
2024-03-08,1,57,60,pluie,import,68
2024-10-30,4,32,10,pluie,import,35
2024-12-23,12,105,27,soleil,import,74
2024-05-08,17,80,60,soleil,export,81
2024-05-01,11,70,34,pluie,export,69
2024-09-22,23,109,14,soleil,export,73
2024-06-24,19,31,21,soleil,export,36
2024-09-20,16,64,17,pluie,export,58
2024-03-18,0,25,3,soleil,export,20
2024-05-07,21,5,43,pluie,import,27
2024-03-22,2,37,26,soleil,export,28
2024-12-28,23,24,30,pluie,export,32
2024-01-07,14,78,36,soleil,export,64
2024-07-29,12,35,45,pluie,import,49
2024-03-10,21,12,59,pluie,export,42
2024-08-14,19,65,43,soleil,export,57
2024-07-18,7,22,11,pluie,import,32
2024-10-10,14,73,59,soleil,import,70
2024-03-12,22,115,24,soleil,import,76
2024-06-12,23,49,10,soleil,import,28
2024-03-24,12,29,12,soleil,import,26
2024-02-03,1,32,1,soleil,export,14
2024-10-20,5,59,23,pluie,import,51
2024-08-11,13,66,27,soleil,import,51
2024-06-21,22,82,16,pluie,import,62
2024-01-14,18,30,23,pluie,import,40
2024-08-10,16,76,55,soleil,export,71
2024-12-10,4,12,49,pluie,export,36
2024-05-11,2,112,38,pluie,export,95
2024-09-21,0,56,54,soleil,export,54
2024-12-02,0,57,8,pluie,export,50
2024-05-15,9,114,10,soleil,export,74
2024-07-02,18,101,42,pluie,export,92
2024-02-03,2,99,35,pluie,export,82
2024-02-26,14,46,57,pluie,export,65
2024-12-08,9,77,19,soleil,export,54
2024-12-09,7,118,21,soleil,import,87
2024-03-22,0,111,9,pluie,import,82
2024-11-07,12,28,51,pluie,import,48
2024-08-30,2,87,1,soleil,export,54
2024-11-23,3,99,11,soleil,import,58
2024-05-07,2,49,16,soleil,export,38
2024-11-25,2,48,13,pluie,export,48
2024-03-17,3,86,23,soleil,import,60
2024-10-03,10,24,11,soleil,export,28
2024-01-13,22,78,16,soleil,import,57
2024-09-07,1,46,46,soleil,export,41
2024-06-12,11,29,51,pluie,import,53
2024-01-14,15,105,51,pluie,import,93
2024-03-09,22,65,31,pluie,export,64
2024-09-06,3,58,20,soleil,export,41
2024-05-09,10,46,53,soleil,export,56
2024-05-07,21,95,47,soleil,export,71
2024-01-20,14,98,11,soleil,import,67
2024-08-21,14,45,51,pluie,export,61
2024-09-05,9,73,20,pluie,import,68
2024-02-09,11,17,33,soleil,import,31
2024-04-06,15,46,32,pluie,import,58
2024-01-30,0,64,34,pluie,import,61
2024-04-01,15,116,28,soleil,export,85
2024-09-20,2,17,6,soleil,import,14
2024-10-20,3,84,4,soleil,import,56
2024-12-27,19,8,38,soleil,import,23
2024-04-19,20,30,20,soleil,import,35
2024-11-24,21,18,19,pluie,export,30
2024-07-06,16,78,29,pluie,import,71
2024-01-24,15,68,43,pluie,import,74
2024-05-14,1,64,17,pluie,export,56
2024-11-09,12,87,58,pluie,import,90
2024-01-24,14,100,11,pluie,export,79
2024-04-03,20,37,29,pluie,import,45
2024-04-29,18,70,32,pluie,export,73
2024-01-18,5,84,56,soleil,export,69
2024-08-30,18,118,53,pluie,export,107
2024-06-17,21,75,25,pluie,export,70
2024-05-09,3,56,16,soleil,import,43
2024-11-08,23,18,53,soleil,export,34
2024-04-22,8,55,17,soleil,export,44
2024-04-28,13,90,7,pluie,export,76
2024-12-15,21,82,25,pluie,import,66
2024-03-06,20,82,8,pluie,export,63
2024-05-30,13,21,59,pluie,import,48
2024-04-15,16,45,32,soleil,import,41
2024-02-26,17,117,34,soleil,import,88
2024-06-01,15,24,14,pluie,export,38
2024-08-29,2,88,9,pluie,import,63
2024-03-19,2,20,57,soleil,import,30
2024-08-27,10,26,30,soleil,export,35
2024-07-05,6,65,27,soleil,export,59
2024-07-30,18,20,50,pluie,export,51
2024-02-08,10,59,52,pluie,import,68
2024-01-13,13,47,53,soleil,import,59
2024-06-13,7,101,6,pluie,import,73
2024-01-29,12,6,7,pluie,import,26
2024-10-04,22,27,35,pluie,export,40
2024-01-15,2,37,46,pluie,export,53
2024-09-18,16,61,2,soleil,import,41
2024-12-27,11,27,40,soleil,export,36
2024-08-30,19,94,33,soleil,export,77
2024-08-10,11,39,16,pluie,import,47
2024-03-13,11,120,47,soleil,import,93
2024-02-14,15,7,25,soleil,export,22
2024-04-22,0,49,19,soleil,import,41
2024-04-28,18,72,39,soleil,export,68
2024-01-26,4,77,15,pluie,export,64
2024-01-03,3,97,53,pluie,import,85
2024-08-30,9,77,13,soleil,export,54
2024-11-08,2,86,19,pluie,export,69
2024-11-06,15,76,46,pluie,export,81
2024-01-07,7,58,33,soleil,export,52
2024-12-05,16,35,13,pluie,import,42
2024-05-14,17,39,15,pluie,import,40
2024-12-21,16,87,37,soleil,import,77
2024-08-24,16,57,49,pluie,export,72
2024-10-23,17,11,39,pluie,import,38
2024-04-12,12,11,42,pluie,import,38
2024-11-04,8,26,47,soleil,export,40
2024-07-29,12,6,1,soleil,import,5
2024-08-14,20,67,10,soleil,export,50
2024-06-28,10,65,20,soleil,export,50
2024-04-10,21,64,23,pluie,export,58
2024-12-12,9,99,3,pluie,import,78
2024-04-21,22,5,49,pluie,import,29
2024-03-19,18,13,47,soleil,export,32
2024-04-15,19,81,30,pluie,import,77
2024-10-05,4,102,14,pluie,export,80
2024-05-12,17,67,34,pluie,export,66
2024-11-30,2,112,10,soleil,import,75
2024-06-20,5,7,47,soleil,import,28
2024-05-20,9,11,15,soleil,import,18
2024-04-18,5,83,27,soleil,export,58
2024-05-17,6,117,6,pluie,import,85
2024-01-02,0,56,6,soleil,import,33
2024-08-13,2,47,25,soleil,export,37
2024-07-10,1,53,8,soleil,import,37
2024-01-16,3,9,16,soleil,import,15
2024-05-21,22,28,9,soleil,export,18
2024-05-19,22,25,28,soleil,import,29
2024-01-01,22,91,57,pluie,export,84
2024-11-13,20,80,57,soleil,import,75
2024-08-03,5,24,20,pluie,export,34
2024-09-12,5,5,19,soleil,export,12
2024-02-18,14,88,15,pluie,import,77
2024-05-19,0,63,57,soleil,import,63
2024-03-24,12,48,12,soleil,import,37
2024-09-14,14,6,29,pluie,import,31
2024-04-10,19,95,38,pluie,import,82
2024-07-03,6,57,27,pluie,export,65
2024-08-03,14,29,35,soleil,import,41
2024-07-28,22,95,2,soleil,export,55
2024-10-21,21,14,44,soleil,import,28
2024-04-28,1,41,6,pluie,export,40
2024-12-17,18,38,9,pluie,export,39
2024-05-09,16,24,28,pluie,export,41
2024-11-05,5,21,39,pluie,import,37
2024-01-27,20,94,38,soleil,export,79
2024-09-17,9,37,26,soleil,export,33
2024-05-02,13,67,24,soleil,export,56
2024-12-14,14,116,37,soleil,import,88
2024-07-24,20,14,41,soleil,import,29
2024-08-24,20,51,40,soleil,import,54
2024-01-24,19,21,28,pluie,export,36
2024-11-01,21,63,9,soleil,export,39
2024-11-27,17,87,20,soleil,export,60
2024-02-13,10,118,19,soleil,import,84
2024-11-18,11,11,21,soleil,export,22
2024-04-18,16,94,29,pluie,import,84
2024-10-17,1,61,2,soleil,export,34
2024-09-13,18,84,19,pluie,import,74
2024-06-26,11,53,37,pluie,export,56
2024-12-20,2,109,35,pluie,export,85
2024-07-23,22,110,57,soleil,export,85
2024-12-29,12,62,41,soleil,import,61
2024-06-18,11,68,37,soleil,import,64
2024-05-11,22,95,37,soleil,import,66
2024-01-15,2,48,35,pluie,import,52
2024-08-11,15,13,59,soleil,export,33
2024-04-19,19,102,32,pluie,import,88
2024-12-04,12,26,23,soleil,import,31
2024-05-18,6,71,22,pluie,import,71
2024-06-18,18,84,13,pluie,import,75
2024-10-14,9,85,41,pluie,import,83
2024-03-18,22,59,1,soleil,import,34
2024-08-25,5,79,3,pluie,import,63
2024-06-27,6,45,12,pluie,export,51
2024-11-17,3,34,36,soleil,import,31
2024-12-07,15,18,55,pluie,import,45
2024-05-25,0,47,5,soleil,export,33
2024-07-07,4,50,50,pluie,import,64
2024-04-28,10,67,53,pluie,import,77
2024-11-27,10,89,58,soleil,export,83
2024-12-25,23,102,35,soleil,export,77
2024-09-02,18,7,1,pluie,import,15
2024-09-23,1,54,16,soleil,import,40
2024-09-17,0,50,22,soleil,export,37
2024-06-23,6,47,60,pluie,export,65
2024-09-14,15,28,59,soleil,export,49
2024-09-19,9,112,59,soleil,export,94
2024-12-26,12,96,7,pluie,import,72
2024-03-19,1,7,10,pluie,export,14
2024-09-03,19,105,50,pluie,import,97
2024-08-02,2,78,3,pluie,import,60
2024-02-08,0,14,3,pluie,import,20
2024-05-13,8,40,42,soleil,export,47
2024-06-26,21,67,15,pluie,import,51
2024-02-16,12,32,29,pluie,import,48
2024-06-15,13,57,27,pluie,export,56
2024-04-14,14,5,14,pluie,export,21
2024-05-05,13,108,19,pluie,import,84
2024-06-21,18,70,6,pluie,import,59
2024-11-07,16,88,38,soleil,import,69
2024-03-11,12,39,12,soleil,import,28
2024-05-23,10,86,19,pluie,import,74
2024-04-22,7,28,35,pluie,import,47
2024-02-04,19,52,51,pluie,export,65
2024-11-30,8,117,29,soleil,export,86
2024-10-10,2,29,48,soleil,export,39
2024-09-18,11,53,43,pluie,import,68
2024-12-09,11,11,7,pluie,import,21
2024-03-11,2,58,6,pluie,import,51
2024-12-28,12,88,32,pluie,export,80
2024-07-14,13,43,46,pluie,export,60
2024-11-05,20,57,44,pluie,import,65
2024-07-08,6,112,18,soleil,export,75
2024-02-01,12,109,13,pluie,import,86
2024-03-03,15,119,48,pluie,export,103
2024-06-29,9,54,10,pluie,import,51
2024-02-11,12,50,29,pluie,import,60
2024-08-16,14,101,45,pluie,export,88
2024-02-04,0,90,40,soleil,export,75
2024-09-30,21,37,59,pluie,import,50
2024-04-08,9,42,46,pluie,import,57
2024-12-06,9,32,44,soleil,export,38
2024-01-01,8,43,59,soleil,export,53
2024-10-04,5,80,43,soleil,import,63
2024-06-07,17,70,12,soleil,import,47
2024-12-18,11,112,29,soleil,import,81
2024-10-12,9,104,27,soleil,import,76
2024-01-21,15,107,22,soleil,export,73
2024-03-27,16,69,56,soleil,import,67
2024-11-10,9,61,49,pluie,import,67
2024-12-20,13,89,17,soleil,import,63
2024-06-26,4,46,31,pluie,export,44
2024-10-07,22,58,4,pluie,export,46
2024-03-26,20,73,19,soleil,export,58
2024-06-06,14,15,26,pluie,export,29
2024-05-11,22,101,34,soleil,import,74
2024-09-16,11,7,26,pluie,import,33
2024-05-14,6,50,58,soleil,import,58
2024-11-08,1,51,27,pluie,export,54
2024-07-02,11,13,44,pluie,export,40
2024-12-23,23,23,60,soleil,import,40
2024-07-11,20,9,18,pluie,export,30
2024-02-27,11,104,10,soleil,export,66
2024-11-06,22,105,12,soleil,import,62
2024-07-02,3,89,22,pluie,export,73
2024-03-07,8,62,54,pluie,import,73
2024-12-04,10,54,27,soleil,import,45
2024-06-27,19,45,3,soleil,import,31
2024-06-12,20,41,19,pluie,export,52
2024-04-24,20,15,13,soleil,import,17
2024-10-11,1,63,49,pluie,import,62
2024-06-29,2,28,16,soleil,export,20
2024-06-11,15,41,40,pluie,import,53
2024-08-20,21,97,12,pluie,export,69
2024-11-23,2,20,43,pluie,export,40
2024-11-01,13,47,19,pluie,export,53
2024-11-08,20,14,46,soleil,import,26
2024-03-06,7,65,25,soleil,import,55
2024-06-08,2,85,16,soleil,import,62
2024-08-13,6,63,16,pluie,import,62
2024-01-07,1,84,39,pluie,export,78
2024-09-24,20,105,8,soleil,import,69
2024-12-26,20,33,10,soleil,import,28
2024-08-27,20,47,8,soleil,export,32
2024-02-25,18,81,58,soleil,import,79
2024-05-25,14,97,55,pluie,import,93
2024-11-24,8,52,34,pluie,export,60
2024-03-09,11,32,22,soleil,import,33
2024-08-14,1,51,45,pluie,import,54
2024-02-27,14,32,56,soleil,export,44
2024-06-01,18,65,22,soleil,import,52
2024-08-15,8,68,57,pluie,import,74
2024-05-18,8,36,16,pluie,import,41
2024-08-24,15,118,51,soleil,import,97
2024-09-05,18,22,39,soleil,import,31
2024-09-05,22,119,36,soleil,import,85
2024-07-29,3,65,52,soleil,export,57
2024-06-05,7,35,43,soleil,import,43
2024-03-03,17,79,23,pluie,import,70
2024-11-02,8,6,33,soleil,import,26
2024-08-10,15,94,52,soleil,import,79
2024-08-15,14,81,38,pluie,import,79
2024-09-23,20,114,40,pluie,import,103
2024-02-28,12,61,24,soleil,export,50
2024-03-24,12,98,41,pluie,import,93
2024-03-23,18,47,33,pluie,import,56
2024-06-28,1,25,8,soleil,export,14
2024-01-20,0,37,8,pluie,export,39
2024-12-24,21,46,41,soleil,export,39
2024-06-18,18,48,33,soleil,export,50
2024-11-27,6,12,29,pluie,import,28
2024-02-11,4,111,24,soleil,export,74
2024-10-05,5,53,11,pluie,export,48
2024-06-30,13,66,26,soleil,import,52
2024-03-09,8,46,26,soleil,import,40
2024-08-24,21,72,39,pluie,import,70
2024-05-11,17,26,37,pluie,export,47
2024-10-16,17,55,24,soleil,export,52
2024-11-25,1,62,36,soleil,export,53
2024-11-14,10,49,15,pluie,export,45
2024-04-05,23,46,9,soleil,import,33
2024-08-26,0,111,16,pluie,export,88
2024-02-06,23,99,10,pluie,import,77
2024-10-22,8,56,31,pluie,import,58
2024-11-16,20,27,34,soleil,import,37
2024-05-09,19,13,49,soleil,export,37
2024-03-02,5,41,36,pluie,import,44
2024-01-23,8,60,23,pluie,import,59
2024-12-09,2,5,58,soleil,export,22
2024-11-13,12,39,30,pluie,export,49
2024-07-18,10,62,27,soleil,export,50
2024-05-01,9,31,34,pluie,export,52
2024-02-27,12,25,33,pluie,export,48
2024-06-27,4,83,1,soleil,export,54
2024-12-26,0,64,1,soleil,export,38
2024-09-07,22,74,48,pluie,import,71
2024-11-08,4,108,10,pluie,export,74
2024-11-26,0,38,12,soleil,import,28
2024-07-02,19,93,5,pluie,import,75
2024-10-21,3,83,8,pluie,import,61
2024-12-11,15,94,21,soleil,export,74
2024-06-10,0,105,53,soleil,import,83
2024-09-26,11,73,36,pluie,export,68
2024-10-21,6,91,17,pluie,export,79
2024-12-02,3,94,9,soleil,import,64
2024-07-28,7,22,22,pluie,export,39
2024-01-26,23,115,25,pluie,export,93
2024-04-16,9,73,29,pluie,export,71
2024-01-02,21,82,53,pluie,import,85
2024-04-13,15,38,7,pluie,import,40
2024-04-14,4,37,30,soleil,import,39
2024-11-12,21,80,59,pluie,import,85
2024-05-11,7,39,19,pluie,import,42
2024-12-19,21,58,4,pluie,import,42
2024-07-18,22,95,17,pluie,export,68
2024-04-08,1,44,46,pluie,import,51
2024-02-27,6,107,54,soleil,export,89
2024-08-07,23,14,38,soleil,import,21
2024-09-14,20,41,40,pluie,import,59
2024-05-16,8,18,2,pluie,export,25
2024-05-15,18,100,55,soleil,import,89
2024-07-30,19,102,37,pluie,export,92
2024-01-15,20,76,53,pluie,export,84
2024-04-21,12,63,10,pluie,export,57
2024-07-26,1,87,22,pluie,export,68
2024-07-31,13,21,34,soleil,import,31
2024-09-02,11,89,38,pluie,export,87
2024-04-21,18,54,19,soleil,import,44
2024-08-27,22,56,48,pluie,import,58
2024-09-08,1,70,25,pluie,import,63
2024-09-09,17,44,20,pluie,export,47
2024-07-25,16,24,58,pluie,import,52
2024-08-05,11,8,55,soleil,export,28
2024-01-27,17,92,47,pluie,export,92
2024-08-26,12,91,17,pluie,export,79
2024-03-17,17,37,22,soleil,import,37
2024-01-13,1,11,6,pluie,import,22
2024-12-21,22,80,4,pluie,export,64
2024-05-10,13,97,52,soleil,export,83
2024-08-10,9,96,34,soleil,export,80
2024-12-22,7,14,47,pluie,export,38
2024-02-12,7,74,17,pluie,export,68
2024-01-10,4,24,8,soleil,export,20
2024-11-26,3,58,29,soleil,import,44
2024-01-31,18,117,4,pluie,import,84
2024-11-15,17,36,4,soleil,import,26
2024-08-03,20,18,38,soleil,import,33
2024-09-30,8,25,27,soleil,export,25
2024-05-07,21,41,58,pluie,export,53
2024-01-08,3,38,10,soleil,import,24
2024-03-26,18,31,7,pluie,import,33
2024-10-19,23,101,56,pluie,import,91
2024-10-18,2,58,3,soleil,import,35
2024-11-11,0,63,42,soleil,export,49
2024-12-29,21,51,40,soleil,export,44
2024-12-25,22,63,42,pluie,export,69
2024-02-17,2,11,31,soleil,import,24
2024-10-11,11,45,47,soleil,import,46
2024-06-23,7,92,4,pluie,import,74
2024-11-07,22,59,14,pluie,export,49
2024-06-24,18,50,31,pluie,export,61
2024-08-01,1,42,40,pluie,export,53
2024-07-06,17,43,46,soleil,import,47
2024-09-17,5,73,13,pluie,export,64
2024-04-09,6,61,8,soleil,import,44
2024-03-15,22,120,18,soleil,import,78
2024-09-17,22,67,31,soleil,export,53
2024-02-25,21,83,49,pluie,export,81
2024-03-11,11,99,21,pluie,import,87
2024-05-08,19,64,14,soleil,export,51
2024-07-03,23,118,56,soleil,export,92
2024-05-04,4,93,26,pluie,export,76
2024-06-18,15,58,53,pluie,export,75
2024-10-22,15,94,10,soleil,import,62
2024-06-17,19,64,27,pluie,export,66
2024-11-03,9,8,14,pluie,export,28
2024-04-21,13,57,40,soleil,export,50
2024-07-15,5,6,25,pluie,import,28
2024-03-20,15,63,40,soleil,import,56
2024-04-30,23,76,53,pluie,export,79
2024-05-27,23,18,25,pluie,import,32
2024-12-20,15,109,29,pluie,import,88
2024-08-15,1,43,45,pluie,import,57
2024-02-01,2,47,37,pluie,import,52
2024-06-02,6,70,43,soleil,export,69
2024-03-19,11,98,38,pluie,export,92
2024-07-24,2,74,22,soleil,import,51
2024-05-24,4,67,39,pluie,import,60
2024-05-03,2,22,39,soleil,import,26
2024-01-12,5,98,33,soleil,export,73
2024-02-11,5,89,53,soleil,import,75
2024-12-02,21,87,23,pluie,export,66
2024-11-23,6,18,28,soleil,import,27
2024-10-20,21,75,54,soleil,export,66
2024-06-27,0,106,23,soleil,import,74
2024-08-30,4,65,44,soleil,export,52
2024-06-15,22,98,22,soleil,export,67
2024-04-24,5,102,6,soleil,export,65
2024-11-10,12,116,48,pluie,export,102
2024-10-30,6,113,15,pluie,export,90
2024-03-12,17,73,43,soleil,import,66
2024-12-09,23,60,58,soleil,export,60
2024-12-29,6,32,59,pluie,import,57
2024-07-20,19,28,47,soleil,export,44
2024-09-06,5,103,55,soleil,import,84
2024-04-26,23,22,22,pluie,export,29
2024-01-28,16,72,12,soleil,export,53
2024-10-24,19,82,34,pluie,import,75
2024-07-05,5,15,1,pluie,export,15
2024-07-12,16,67,52,soleil,import,63
2024-01-18,1,116,25,soleil,import,75
2024-08-25,10,73,22,soleil,import,55
2024-09-27,13,38,2,soleil,import,23
2024-05-05,11,55,30,pluie,import,60
2024-08-03,22,17,52,pluie,export,44
2024-12-04,12,112,7,pluie,export,86
2024-12-08,13,20,23,soleil,import,29
2024-05-09,3,52,10,pluie,import,45
2024-07-23,23,84,56,soleil,export,75
2024-09-30,0,59,33,soleil,import,45
2024-07-02,17,97,2,pluie,export,73
2024-04-25,11,48,57,soleil,import,55
2024-03-01,21,107,53,pluie,import,99
2024-11-29,0,77,42,pluie,export,70
2024-12-25,20,78,6,pluie,import,68
2024-09-11,22,9,3,soleil,import,10
2024-12-28,0,16,6,soleil,export,7
2024-03-05,2,53,57,soleil,import,58
2024-04-25,11,16,4,soleil,export,15
2024-03-21,16,115,25,soleil,export,81
2024-06-11,1,112,43,pluie,export,97
2024-03-20,1,90,41,soleil,export,66
2024-02-16,6,17,31,pluie,import,34
2024-05-17,14,45,53,pluie,import,59
2024-11-01,9,64,7,pluie,export,60
2024-03-25,10,47,35,pluie,import,54
2024-10-30,21,69,53,pluie,export,70
2024-04-05,21,39,43,pluie,export,49
2024-12-01,17,116,5,pluie,export,91
2024-11-11,14,44,58,pluie,import,69
2024-07-22,15,30,21,pluie,export,40
2024-12-03,2,43,27,pluie,export,44
2024-09-12,16,80,29,soleil,export,65
2024-01-28,20,107,7,pluie,export,83
2024-02-05,17,62,39,pluie,export,67
2024-09-11,18,112,13,soleil,import,74
2024-06-18,1,50,7,pluie,import,47
2024-10-08,11,115,46,pluie,export,102
2024-02-01,21,34,40,pluie,export,50
2024-10-30,5,78,49,pluie,export,76
2024-03-08,3,103,8,pluie,export,74
2024-07-27,8,82,33,pluie,export,72
2024-01-06,14,103,23,soleil,import,71
2024-01-12,0,22,35,soleil,export,26
2024-08-07,1,56,59,pluie,export,69
2024-07-09,0,59,11,pluie,export,44
2024-09-01,16,61,48,soleil,import,57
2024-09-27,19,11,5,pluie,import,27
2024-06-18,2,10,21,soleil,import,11
2024-08-28,9,73,3,pluie,import,58
2024-10-01,4,8,53,pluie,import,40
2024-02-19,10,48,34,soleil,import,43
2024-04-20,13,28,2,pluie,import,27
2024-02-28,14,75,39,pluie,export,80
2024-06-06,13,59,26,pluie,export,64
2024-02-10,1,85,42,pluie,export,80
2024-09-25,14,41,32,pluie,import,53
2024-05-19,1,103,14,pluie,import,72
2024-01-21,7,95,38,pluie,export,84
2024-12-26,0,104,44,soleil,export,78
2024-10-06,18,6,40,pluie,import,32
2024-12-23,7,87,5,pluie,export,74
2024-09-29,15,106,57,pluie,import,104
2024-09-21,20,68,20,pluie,export,60
2024-12-04,16,29,28,soleil,import,33
2024-06-24,8,120,49,pluie,export,102
2024-08-26,20,98,29,soleil,export,71
2024-04-08,4,96,7,pluie,export,69
2024-07-31,1,73,33,soleil,export,56
2024-05-19,18,84,12,soleil,export,60
2024-12-30,21,16,4,soleil,export,15
2024-01-31,4,120,14,pluie,export,89
2024-10-02,17,108,6,pluie,import,82
2024-05-13,7,69,36,pluie,import,65
2024-03-14,5,62,11,soleil,export,43
2024-10-13,14,101,48,pluie,import,99
2024-09-01,21,104,43,pluie,export,88
2024-07-15,20,88,54,soleil,export,75
2024-12-19,2,22,58,soleil,export,33
2024-06-06,14,93,16,pluie,export,75
2024-05-02,23,114,54,pluie,import,96
2024-08-18,2,56,50,pluie,export,64
2024-01-29,23,11,26,pluie,import,24
2024-11-08,6,87,51,pluie,import,87
2024-02-25,22,32,51,soleil,export,35
2024-03-09,19,86,23,pluie,export,80
2024-02-05,23,96,20,soleil,import,67
2024-02-20,4,77,15,pluie,export,63
2024-04-20,11,88,38,soleil,export,75
2024-04-05,22,83,50,soleil,import,66
2024-03-21,21,8,22,soleil,export,8
2024-03-07,14,112,12,pluie,import,90
2024-01-10,19,31,60,soleil,import,49
2024-05-09,22,97,36,pluie,export,81
2024-04-02,11,120,12,soleil,import,77
2024-07-21,7,59,49,soleil,import,64
2024-07-05,11,113,34,soleil,export,90
2024-01-10,18,66,51,pluie,export,77
2024-08-21,6,40,49,pluie,import,60
2024-07-01,15,44,42,pluie,import,59
2024-06-29,10,82,11,pluie,export,64
2024-02-04,14,38,56,soleil,export,51
2024-09-21,21,41,52,soleil,export,41
2024-01-23,8,61,29,pluie,import,67
2024-10-30,13,93,26,soleil,import,74
2024-07-19,2,89,54,pluie,import,82
2024-05-29,8,71,21,soleil,export,61
2024-12-26,6,20,46,pluie,export,40
2024-08-28,5,89,28,pluie,export,70
2024-12-24,17,116,50,soleil,export,96
2024-10-09,14,31,27,soleil,export,37
2024-04-27,9,117,36,pluie,import,102
2024-09-05,13,49,49,soleil,export,56
2024-04-13,1,71,27,pluie,export,62
2024-12-06,12,42,27,soleil,export,37
2024-04-30,11,44,47,soleil,import,45
2024-08-08,16,9,32,pluie,export,32
2024-07-17,6,56,14,pluie,import,55
2024-08-02,19,91,57,soleil,export,78
2024-09-21,6,61,22,pluie,export,59
2024-06-08,7,41,33,soleil,import,42
2024-09-13,15,52,18,pluie,import,57
2024-05-15,20,71,24,pluie,import,68
2024-09-06,15,31,47,pluie,export,52
2024-10-02,3,71,45,soleil,import,55
2024-09-21,3,99,44,pluie,export,87
2024-03-24,5,92,60,soleil,import,79
2024-02-11,9,101,58,soleil,import,84
2024-02-01,9,62,22,soleil,import,51
2024-03-16,6,112,46,soleil,import,91
2024-05-07,15,30,2,soleil,import,24
2024-05-26,19,86,3,pluie,export,69
2024-05-07,0,90,20,pluie,export,67
2024-12-23,10,9,20,pluie,import,24
2024-05-05,5,21,30,pluie,import,36
2024-08-25,8,66,13,pluie,import,57
2024-01-12,5,107,17,pluie,import,82
2024-12-06,3,100,55,soleil,export,81
2024-12-25,4,23,30,soleil,export,21
2024-02-11,15,56,53,soleil,export,59
2024-05-05,13,115,57,soleil,import,93
2024-10-07,1,32,26,soleil,import,24
2024-08-04,18,100,6,pluie,export,76
2024-05-12,23,95,31,soleil,import,69
2024-04-30,1,87,29,pluie,import,73
2024-06-30,18,112,26,pluie,import,93
2024-08-20,10,46,10,soleil,export,32
2024-04-10,19,114,31,soleil,export,81
2024-11-22,14,54,4,soleil,import,37
2024-06-11,23,48,35,soleil,export,47
2024-11-05,10,7,56,soleil,export,32
2024-04-06,11,50,24,soleil,import,42
2024-03-25,4,92,10,pluie,export,68
2024-01-22,16,8,49,pluie,export,41
2024-04-12,1,106,22,soleil,export,73
2024-05-14,7,89,2,pluie,export,64
2024-11-24,12,8,36,soleil,export,27
2024-08-26,21,65,54,soleil,import,63
2024-03-20,1,33,18,pluie,export,39
2024-12-23,22,118,41,soleil,import,83
2024-09-29,14,58,6,soleil,import,37
2024-01-04,3,118,39,soleil,export,86
2024-07-02,9,67,6,pluie,import,53
2024-09-23,20,19,59,soleil,export,41
2024-03-13,2,77,4,pluie,import,55
2024-02-26,2,97,54,soleil,import,75
2024-11-04,0,120,9,soleil,import,74
2024-01-22,2,74,10,soleil,import,48
2024-05-14,22,26,34,soleil,export,34
2024-08-09,3,83,36,soleil,export,61
2024-11-13,21,113,22,soleil,export,80
2024-06-18,22,77,48,pluie,import,74
2024-05-17,14,63,41,pluie,import,70
2024-12-13,0,111,32,pluie,export,90
2024-06-15,10,116,56,pluie,import,102
2024-05-24,18,101,11,pluie,export,83
2024-10-15,1,99,40,pluie,export,87
2024-08-06,15,91,18,soleil,export,66
2024-06-27,21,38,28,pluie,import,41
2024-02-28,12,96,47,soleil,import,82
2024-08-15,10,43,44,pluie,export,55
2024-08-13,17,105,30,soleil,export,83
2024-12-12,17,116,60,soleil,import,103
2024-01-29,21,35,42,soleil,import,40
2024-09-03,16,56,2,soleil,export,43
2024-02-08,8,38,34,soleil,export,38
2024-03-26,19,82,1,soleil,import,59
2024-05-13,1,120,16,soleil,import,83
2024-06-08,1,31,20,pluie,export,33
2024-05-26,8,16,44,pluie,import,46
2024-11-11,8,10,60,pluie,export,42
2024-04-16,14,90,45,soleil,export,77
2024-01-19,11,85,17,soleil,import,64
2024-10-25,22,57,57,soleil,import,60
2024-08-11,18,91,37,pluie,import,82
2024-09-09,7,88,1,pluie,export,65
2024-08-23,6,33,36,soleil,import,35
2024-08-27,20,62,13,soleil,export,50
2024-03-22,20,104,12,soleil,import,73
2024-04-12,6,22,45,soleil,import,39
2024-06-17,13,10,30,soleil,export,24
2024-04-15,8,34,30,pluie,export,50
2024-05-08,20,50,56,soleil,export,60
2024-01-08,10,95,47,pluie,export,95
2024-10-26,21,113,37,pluie,import,87
2024-01-09,23,48,54,pluie,import,58
2024-02-15,11,72,7,soleil,import,53
2024-01-21,13,97,55,pluie,import,94
2024-04-30,22,64,48,soleil,import,52
2024-07-27,5,9,5,soleil,export,5
2024-03-03,0,110,53,soleil,export,87
2024-09-04,1,88,31,soleil,export,65
2024-04-23,9,85,49,pluie,import,81
2024-10-24,4,108,60,soleil,import,84
2024-06-10,8,108,17,pluie,import,88
2024-11-24,6,20,52,soleil,export,32
2024-12-29,5,120,52,soleil,export,97
2024-01-29,22,48,15,soleil,import,32
2024-01-07,18,97,24,pluie,export,83
2024-03-04,14,40,25,pluie,export,52
2024-04-01,10,89,56,pluie,import,89
2024-05-26,20,98,55,soleil,import,90
2024-01-15,11,6,35,pluie,export,28
2024-09-06,9,26,8,pluie,export,32
2024-06-27,15,18,22,soleil,export,19
2024-09-05,4,9,19,soleil,export,12
2024-03-30,12,69,11,soleil,export,49
2024-01-26,16,113,49,soleil,export,89
2024-02-03,22,102,30,soleil,export,75
2024-01-29,6,106,37,soleil,export,79
2024-09-10,22,119,51,pluie,export,101
2024-05-03,22,109,19,pluie,export,86
2024-12-14,18,116,34,pluie,import,97
2024-08-16,19,41,6,soleil,import,31
2024-12-10,21,57,13,pluie,import,45
2024-08-09,21,7,20,soleil,import,12
2024-04-18,11,103,44,soleil,export,89
2024-08-17,9,44,49,pluie,export,65
2024-07-02,3,46,5,soleil,export,30
2024-07-07,11,80,32,pluie,import,75
2024-09-01,14,52,10,pluie,export,53
2024-02-02,7,17,13,soleil,export,20
2024-05-15,17,90,24,pluie,import,81
2024-03-03,6,56,22,soleil,import,51
2024-07-28,18,80,1,soleil,export,58
2024-02-05,10,105,35,soleil,import,78
2024-10-31,9,77,42,pluie,export,82
2024-05-23,12,13,3,soleil,import,15
2024-05-06,22,69,43,soleil,export,54
2024-06-12,8,33,9,pluie,import,33
2024-07-19,6,57,28,soleil,export,50
2024-10-14,17,68,10,soleil,export,51
2024-08-01,19,69,54,soleil,export,68
2024-01-03,8,23,32,pluie,import,40
2024-09-04,22,63,44,soleil,export,54
2024-07-23,19,31,10,pluie,import,34
2024-02-19,2,101,9,soleil,import,66
2024-01-23,23,18,5,pluie,export,23
2024-07-25,18,118,1,soleil,export,77
2024-04-20,9,109,53,soleil,export,90
2024-02-09,10,24,27,soleil,import,28
2024-09-08,8,96,34,pluie,export,83
2024-03-21,8,66,24,soleil,import,56
2024-12-06,22,117,9,pluie,export,82
2024-11-19,21,53,12,pluie,export,44
2024-05-12,13,72,60,soleil,import,72
2024-11-19,21,43,59,pluie,import,61
2024-11-21,21,74,38,pluie,export,74
2024-11-18,5,44,26,pluie,import,49
2024-11-29,21,75,56,pluie,import,81
2024-09-13,2,25,48,soleil,export,34
2024-08-19,0,18,21,soleil,import,15
2024-02-05,23,65,50,soleil,import,56
2024-10-27,4,90,27,pluie,export,74
2024-09-16,9,76,12,pluie,import,70
2024-03-08,4,42,14,soleil,export,29
2024-05-30,4,109,4,pluie,import,76
2024-03-06,14,56,30,soleil,export,52
2024-01-24,12,30,46,pluie,export,46
2024-03-24,14,33,13,soleil,export,26
2024-02-02,3,61,14,pluie,export,53
2024-12-29,5,69,39,soleil,import,54
2024-02-13,5,6,1,pluie,import,13
2024-06-04,9,63,39,pluie,export,68
2024-07-28,22,51,16,pluie,export,41
2024-02-07,7,115,38,pluie,import,95
2024-03-22,4,90,12,soleil,export,56
2024-09-21,3,111,20,soleil,import,77
2024-03-06,1,42,53,soleil,export,45
2024-02-14,12,9,35,pluie,import,33
2024-05-23,5,48,44,pluie,export,53
2024-09-06,19,68,13,soleil,import,50
2024-06-12,4,92,21,pluie,import,77
2024-01-29,12,43,43,pluie,import,57
2024-04-26,11,70,52,soleil,export,69
2024-11-30,19,82,57,pluie,export,88
2024-01-09,8,86,50,soleil,export,74
2024-09-23,19,89,54,pluie,import,89
2024-06-06,15,101,35,soleil,export,78
2024-04-24,13,59,15,soleil,import,43
2024-05-28,0,61,55,soleil,export,59
2024-08-06,15,30,41,soleil,export,44
2024-03-03,18,5,2,soleil,import,11
2024-06-10,6,32,38,soleil,export,37
2024-09-09,17,40,37,soleil,import,38
2024-09-07,8,55,2,pluie,import,47
2024-07-20,19,56,1,pluie,import,45
2024-04-01,9,85,38,soleil,export,73
2024-12-11,11,11,16,pluie,import,31
2024-09-26,12,118,9,soleil,export,80
2024-12-22,15,95,46,soleil,import,81
2024-08-19,16,59,38,soleil,import,60
2024-12-08,0,32,18,pluie,export,38
2024-12-21,12,33,59,pluie,export,54
2024-10-30,23,31,47,pluie,export,43
2024-05-18,21,39,57,pluie,import,61
2024-06-29,13,25,18,pluie,export,33
2024-08-22,22,27,51,pluie,export,42
2024-04-27,19,29,24,soleil,export,34
2024-12-04,20,65,19,pluie,import,57
2024-02-01,4,32,40,pluie,export,46
2024-09-02,23,77,52,pluie,export,72
2024-01-06,16,21,49,soleil,import,34
2024-09-01,6,12,32,pluie,import,34
2024-01-01,4,45,7,soleil,export,28
2024-10-03,4,27,13,pluie,import,27
2024-04-20,5,108,30,soleil,export,81
2024-08-13,11,53,30,pluie,import,53
2024-05-09,10,27,43,pluie,export,46
2024-10-19,7,47,14,pluie,export,47
2024-12-08,16,82,5,soleil,import,57
2024-06-14,0,57,5,pluie,export,43
2024-11-15,14,9,11,soleil,export,19
2024-07-08,19,88,7,soleil,import,61
2024-04-08,23,118,3,soleil,export,69
2024-05-06,20,9,27,pluie,import,36
2024-11-04,8,83,43,soleil,import,76
2024-08-14,2,44,47,pluie,export,56
2024-05-20,11,26,24,soleil,import,28
2024-04-23,13,119,14,soleil,import,83
2024-07-28,0,47,18,pluie,import,43
2024-03-28,13,83,58,pluie,import,84
2024-12-29,6,117,26,pluie,export,92
2024-05-20,17,75,41,pluie,export,76
2024-04-06,2,27,56,pluie,import,43
2024-12-19,17,39,37,soleil,import,42
2024-02-06,14,110,37,soleil,import,87
2024-10-23,1,36,12,soleil,import,25
2024-01-16,0,33,23,soleil,import,24
2024-09-24,20,107,14,pluie,export,82
2024-09-23,8,11,19,soleil,export,17
2024-01-04,18,8,6,pluie,import,19
2024-11-12,10,100,35,soleil,import,79
2024-06-04,1,34,3,pluie,export,29
2024-02-23,8,105,42,pluie,import,91
2024-02-27,7,21,44,soleil,import,39
2024-01-16,21,91,13,soleil,export,55
2024-10-18,1,21,21,pluie,export,33
2024-01-21,0,87,28,soleil,export,66
2024-05-12,19,24,29,soleil,import,27
2024-11-15,6,95,47,pluie,export,91
2024-10-17,16,120,30,pluie,export,94
2024-12-16,10,18,29,soleil,import,31
2024-08-20,15,10,11,soleil,import,12
2024-09-07,18,70,44,pluie,import,71
2024-12-02,6,84,54,soleil,export,77
2024-04-11,23,27,20,soleil,import,20
2024-02-22,8,50,13,soleil,export,42
2024-12-09,22,48,10,soleil,export,33
2024-11-04,20,113,57,pluie,import,109
2024-02-05,2,120,17,soleil,import,77
2024-02-05,13,109,33,soleil,export,87
2024-04-17,20,111,33,pluie,export,99
2024-03-13,23,6,1,soleil,import,5
2024-01-23,4,112,51,soleil,import,87
2024-09-01,19,85,18,soleil,export,59
2024-05-12,6,31,60,soleil,import,52
2024-03-03,2,31,39,pluie,import,47
2024-07-15,16,38,23,pluie,import,50
2024-03-27,11,28,32,pluie,export,44
2024-12-14,3,83,41,pluie,export,80
2024-09-04,3,116,14,pluie,import,85
2024-07-26,6,21,53,soleil,export,40
2024-01-21,23,57,39,soleil,export,45
2024-01-01,6,30,9,pluie,import,39
2024-02-27,8,7,29,soleil,import,18
2024-06-30,3,77,29,pluie,import,71
2024-09-24,22,105,47,soleil,import,85
2024-05-02,10,45,14,pluie,export,49
2024-03-25,17,56,45,pluie,import,70
2024-11-06,17,70,7,pluie,import,54
2024-10-16,11,27,5,soleil,import,27
2024-05-18,5,16,47,soleil,export,23
2024-03-19,15,20,45,soleil,import,32
2024-03-20,1,70,50,soleil,export,60
2024-06-26,23,109,55,soleil,export,90
2024-11-20,5,89,30,pluie,export,80
2024-02-27,10,106,60,pluie,import,107
2024-01-15,12,45,5,pluie,import,46
2024-05-01,2,31,47,pluie,export,51
2024-11-19,15,21,58,soleil,export,43
2024-06-11,18,29,4,soleil,import,20
2024-01-09,14,73,30,pluie,export,69
2024-10-18,14,60,1,soleil,export,46
2024-06-22,22,96,14,soleil,export,61
2024-11-16,23,79,45,soleil,export,61
2024-10-27,0,120,25,soleil,import,86
2024-08-06,5,116,42,pluie,export,92
2024-04-27,13,49,49,soleil,import,53
2024-01-10,11,115,49,pluie,export,103
2024-12-22,3,88,45,soleil,export,65
2024-01-30,2,56,50,soleil,import,58
2024-01-29,13,117,39,pluie,export,104
2024-10-02,22,74,16,pluie,import,64
2024-07-07,11,108,33,soleil,export,83
2024-11-27,19,60,39,soleil,export,56
2024-09-23,2,40,14,pluie,import,34
2024-04-14,10,6,24,soleil,export,17
2024-11-15,14,107,42,pluie,import,98
2024-10-27,10,115,59,pluie,export,107
2024-01-13,1,107,56,pluie,export,97
2024-03-10,2,38,50,soleil,export,39
2024-06-26,5,36,49,soleil,import,42
2024-02-27,1,54,56,pluie,import,69
2024-01-25,2,118,56,pluie,export,108
2024-09-11,23,107,56,soleil,export,81
2024-11-27,2,83,20,soleil,import,57
2024-05-31,20,66,30,pluie,import,70
2024-08-06,14,17,34,soleil,export,32
2024-06-10,0,13,2,soleil,export,13
2024-09-17,4,58,39,pluie,export,58
2024-06-07,1,81,1,pluie,import,59
2024-11-07,4,35,18,soleil,export,25
2024-01-08,9,56,21,pluie,import,59
2024-10-11,14,76,45,pluie,export,82
2024-06-28,10,23,3,soleil,import,20
2024-10-28,2,117,45,pluie,import,97
2024-02-03,18,28,57,pluie,import,51
2024-07-24,23,61,57,soleil,import,62
2024-09-30,4,63,10,pluie,import,51
2024-03-30,15,99,57,pluie,import,98
2024-12-27,2,8,50,soleil,import,20
2024-07-14,15,8,34,soleil,import,19
2024-03-30,11,120,34,soleil,import,86
2024-12-26,1,120,32,soleil,import,80
2024-11-27,6,117,10,soleil,import,76
2024-06-20,10,112,29,soleil,import,85
2024-10-05,2,74,10,soleil,export,49
2024-06-13,0,57,14,pluie,import,44
2024-07-09,18,116,31,soleil,import,83
2024-10-15,7,34,35,soleil,import,44
2024-04-16,2,10,38,soleil,export,24
2024-08-24,20,33,17,soleil,export,26
2024-06-20,20,119,45,soleil,import,99
2024-09-16,3,105,53,soleil,import,82
2024-04-11,13,63,48,pluie,import,74
2024-05-21,20,81,20,pluie,import,68
2024-11-22,12,9,6,soleil,import,15
2024-12-15,8,27,52,pluie,export,53
2024-03-18,14,72,37,pluie,export,74
2024-11-19,7,63,37,pluie,import,64
2024-06-20,18,21,16,soleil,import,28
2024-07-07,3,71,35,soleil,import,51
2024-02-07,18,21,44,soleil,export,31
2024-09-03,17,77,19,pluie,import,63
2024-10-29,9,26,41,soleil,import,42
2024-02-28,16,93,25,pluie,import,83
2024-02-25,18,53,57,pluie,import,66
2024-02-26,7,30,57,pluie,import,50
2024-10-16,11,85,16,pluie,import,72
2024-06-05,2,101,38,pluie,import,87
2024-09-12,2,74,15,pluie,export,63
2024-11-17,16,102,15,pluie,import,78
2024-01-06,19,119,54,soleil,export,99
2024-06-19,5,5,30,soleil,export,12
2024-02-24,18,99,51,soleil,export,88
2024-09-24,10,31,24,soleil,export,36
2024-03-15,18,34,50,pluie,export,59
2024-02-07,1,36,31,pluie,export,43
2024-11-09,6,64,60,soleil,import,63
2024-11-21,1,57,26,pluie,export,56
2024-01-29,10,69,24,pluie,export,70
2024-03-16,11,116,8,pluie,import,82
2024-07-13,7,111,26,pluie,export,91
2024-03-23,22,92,54,soleil,export,76
2024-08-09,5,17,7,soleil,import,8
2024-10-12,15,55,41,pluie,import,64
2024-10-23,7,24,29,soleil,export,36
2024-12-24,0,70,39,pluie,import,64
2024-08-10,22,37,43,soleil,import,36
2024-07-13,9,101,4,soleil,export,72
2024-07-01,22,37,41,soleil,import,35
2024-07-13,5,112,21,soleil,export,80
2024-02-27,8,8,44,pluie,export,36
2024-05-22,22,94,32,pluie,import,79
2024-02-06,5,27,44,soleil,import,28
2024-12-30,16,50,58,soleil,export,62
2024-08-14,12,63,19,pluie,import,65
2024-08-26,9,63,32,pluie,import,68
2024-11-07,0,62,6,soleil,import,43
2024-09-13,8,82,29,soleil,import,61
2024-06-06,11,9,53,pluie,import,38
2024-09-15,15,6,10,soleil,export,17
2024-12-05,16,5,15,pluie,import,26
2024-06-19,12,84,21,soleil,export,67
2024-12-23,3,98,54,pluie,export,94
2024-05-06,0,26,12,pluie,export,29
2024-10-25,0,55,13,pluie,export,44
2024-08-11,12,23,34,soleil,export,34
2024-05-10,1,10,38,soleil,import,19
2024-04-26,23,64,44,soleil,export,61
2024-07-27,17,114,38,pluie,export,101
2024-06-19,18,48,31,pluie,export,57
2024-09-08,16,19,21,pluie,export,35
2024-11-29,14,69,5,pluie,import,56
2024-05-21,18,106,55,pluie,import,104
2024-11-12,8,22,15,pluie,import,32
2024-01-01,13,114,58,soleil,export,98
2024-06-09,1,60,57,soleil,export,61
2024-03-23,20,96,39,pluie,import,89
2024-09-08,22,104,9,pluie,export,80
2024-06-24,12,63,9,soleil,import,45
2024-06-05,5,10,18,pluie,export,19
2024-04-12,12,39,52,pluie,import,54
2024-05-26,19,37,20,pluie,export,48
2024-12-18,2,37,20,soleil,import,33
2024-08-16,12,53,5,pluie,import,53
2024-09-15,15,101,16,soleil,export,72
2024-06-05,16,25,20,pluie,export,33
2024-05-11,1,79,59,pluie,export,84
2024-05-01,9,85,29,soleil,import,68
2024-08-14,7,8,10,soleil,import,17
2024-09-24,3,64,18,pluie,import,55
2024-01-22,10,82,31,pluie,export,71
2024-06-06,2,90,56,pluie,import,90
2024-05-25,0,50,54,pluie,export,61
2024-12-28,11,116,20,soleil,import,82
2024-02-13,20,95,25,pluie,import,79
2024-04-27,16,107,20,pluie,import,84
2024-12-19,6,86,51,soleil,export,74
2024-04-09,12,41,26,soleil,export,39
2024-07-23,17,26,10,pluie,import,37
2024-03-01,14,102,33,pluie,import,89
2024-05-13,8,81,58,soleil,export,72
2024-03-05,10,97,53,soleil,import,80
2024-07-03,12,97,43,soleil,import,84
2024-03-11,15,22,20,pluie,export,36
2024-12-23,17,10,8,soleil,import,9
2024-01-27,9,70,41,pluie,import,78
2024-12-21,21,34,34,pluie,export,49
2024-01-05,5,14,14,soleil,import,13
2024-01-19,6,53,32,soleil,export,52
2024-06-06,20,42,18,soleil,import,37
2024-10-31,19,98,55,soleil,export,82
2024-11-11,10,109,54,pluie,import,98
2024-09-05,19,112,32,soleil,export,90
2024-12-15,12,95,39,pluie,export,85
2024-03-01,1,57,17,soleil,import,40
2024-04-27,16,74,13,soleil,import,51
2024-06-28,5,50,35,soleil,export,47
2024-12-16,23,9,2,soleil,import,5
2024-12-08,2,35,57,soleil,export,47
2024-02-20,16,60,41,pluie,import,65
2024-01-28,18,34,59,soleil,export,53
2024-07-07,1,88,42,pluie,export,74
2024-02-23,10,66,17,soleil,import,53
2024-03-31,6,117,7,pluie,import,90
2024-12-07,12,17,8,pluie,export,24
2024-11-01,18,44,49,soleil,import,50
2024-03-23,14,49,52,soleil,import,53
2024-07-26,5,93,7,soleil,import,58
2024-12-07,15,71,19,pluie,import,66
2024-07-12,16,16,5,soleil,import,19
2024-03-06,0,54,5,soleil,export,36
2024-02-28,8,85,3,pluie,import,68
2024-01-18,4,54,29,pluie,export,55
2024-06-06,15,59,10,soleil,export,40
2024-04-06,17,117,46,soleil,export,89
2024-07-23,21,7,10,pluie,export,17
2024-07-10,10,97,47,soleil,export,86
2024-02-21,0,33,38,soleil,import,39
2024-07-13,15,24,31,pluie,export,38
2024-10-19,4,118,36,soleil,import,85
2024-05-28,2,110,28,pluie,export,82
2024-11-18,21,32,57,soleil,export,44
2024-08-27,17,88,2,pluie,import,67
2024-01-24,13,76,26,pluie,export,68
2024-03-25,13,89,60,soleil,import,83
2024-08-28,11,84,43,soleil,export,76
2024-10-27,21,43,59,pluie,export,63
2024-04-28,14,96,24,soleil,import,74
2024-08-30,3,71,46,soleil,export,60
2024-08-28,9,31,46,soleil,export,41
2024-06-12,5,109,29,soleil,import,80
2024-07-31,17,6,3,soleil,export,6
2024-06-30,17,102,26,soleil,import,79
2024-01-09,22,70,39,pluie,export,72
2024-05-19,19,6,32,pluie,export,31
2024-07-31,5,50,15,pluie,export,46
2024-08-04,6,78,12,pluie,export,63
2024-07-18,13,58,2,soleil,import,39
2024-10-28,4,76,57,pluie,export,81
2024-04-05,16,74,40,pluie,export,74
2024-09-30,21,90,4,pluie,import,64
2024-08-02,3,47,21,soleil,import,38
2024-04-13,21,117,21,pluie,import,93
2024-02-20,4,56,41,soleil,export,46
2024-10-19,16,53,8,soleil,import,43
2024-02-22,14,105,42,pluie,export,95
2024-01-07,21,25,47,pluie,export,46
2024-12-27,4,57,9,pluie,import,45
2024-05-13,19,20,58,pluie,export,52
2024-07-04,12,34,53,pluie,export,52
2024-12-19,19,13,30,pluie,import,32
2024-12-16,16,95,38,pluie,import,88
2024-02-06,5,85,54,soleil,import,70
2024-06-19,18,114,17,soleil,export,85
2024-07-14,18,15,57,pluie,import,46
2024-04-19,11,57,26,soleil,import,45
2024-05-21,1,120,36,pluie,export,92
2024-04-06,5,27,12,soleil,import,24
2024-05-12,10,113,42,soleil,export,94
2024-10-24,5,109,19,pluie,import,78
2024-06-19,20,46,51,pluie,import,68
2024-03-08,19,103,41,soleil,export,82
2024-09-27,17,71,26,soleil,export,54
2024-11-21,3,27,32,pluie,export,39
2024-01-15,1,84,27,pluie,export,70
2024-11-28,2,64,8,soleil,import,42
2024-07-20,13,84,42,soleil,import,77
2024-01-31,21,76,48,pluie,export,79
2024-01-25,9,84,2,pluie,import,67
2024-02-07,11,41,48,soleil,export,50
2024-11-25,5,48,50,soleil,import,48
2024-04-14,21,60,49,soleil,export,54
2024-07-06,8,118,15,soleil,import,78
2024-03-01,3,76,21,soleil,import,59
2024-02-12,17,51,9,soleil,export,37
2024-04-21,13,100,26,pluie,import,82
2024-05-11,0,24,16,soleil,import,15
2024-06-17,14,7,15,soleil,import,20
2024-01-28,20,35,22,soleil,export,39
2024-10-27,13,118,60,soleil,export,96
2024-06-11,17,63,58,pluie,import,75
2024-10-26,22,50,39,pluie,import,53
2024-01-17,10,76,33,soleil,import,67
2024-01-31,17,36,13,soleil,import,32
2024-01-10,2,47,16,soleil,import,29
2024-10-29,18,98,3,pluie,import,75
2024-02-29,13,71,9,pluie,export,62
2024-03-28,21,47,8,soleil,import,28
2024-03-13,11,98,18,pluie,export,77
2024-12-13,20,42,5,soleil,export,32
2024-08-19,23,108,3,pluie,import,78
2024-11-27,1,52,32,pluie,export,51
2024-11-10,0,40,34,pluie,export,45
2024-02-21,18,6,37,pluie,export,29
2024-12-28,23,88,56,pluie,export,84
2024-08-06,21,79,24,soleil,export,59
2024-06-11,17,24,52,soleil,export,43
2024-05-28,3,63,36,soleil,import,48
2024-12-01,6,34,44,soleil,import,46
2024-10-03,3,100,37,soleil,import,77
2024-10-23,15,73,32,pluie,export,76
2024-04-22,18,110,1,soleil,import,75
2024-01-27,23,99,55,soleil,export,85
2024-02-06,9,13,35,pluie,export,31
2024-03-24,1,13,2,pluie,export,19
2024-04-15,21,35,42,pluie,import,49
2024-03-21,1,117,54,soleil,import,89
2024-07-22,4,38,29,soleil,export,39
2024-06-20,3,53,32,pluie,import,57
2024-03-01,8,71,34,pluie,export,71
2024-07-04,17,117,5,pluie,export,85
2024-06-14,9,111,12,pluie,import,81
2024-03-20,16,81,5,pluie,import,67
2024-02-27,21,95,37,pluie,export,80
2024-12-04,19,27,16,pluie,export,38
2024-11-18,19,36,55,pluie,export,54
2024-11-18,17,38,39,soleil,export,40
2024-09-15,1,88,8,soleil,export,54
2024-08-15,13,70,23,soleil,export,54
2024-03-01,6,104,38,soleil,export,77
2024-03-13,2,45,9,pluie,import,39
2024-10-02,13,61,48,pluie,import,73
2024-01-17,4,61,12,soleil,export,44
2024-01-16,1,34,46,soleil,import,35
2024-06-21,13,102,21,soleil,import,71
2024-12-19,13,34,9,pluie,export,42
2024-05-10,18,27,36,soleil,export,38
2024-02-18,18,51,23,pluie,export,57
2024-06-25,21,110,43,soleil,export,86
2024-02-13,5,80,57,pluie,import,82
2024-03-06,8,73,40,pluie,import,79
2024-06-29,1,47,29,soleil,import,36
2024-05-01,13,55,9,pluie,import,56
2024-03-31,9,48,28,pluie,export,55
2024-12-02,12,59,52,soleil,import,61
2024-10-22,10,24,33,pluie,export,45
2024-04-07,22,14,30,pluie,export,26
2024-03-17,21,110,34,soleil,export,78
2024-06-05,18,48,5,soleil,import,40
2024-02-27,14,118,36,pluie,import,102
2024-08-03,0,80,49,pluie,export,79
2024-07-04,7,85,45,soleil,export,74
2024-04-07,3,117,17,soleil,export,76
2024-06-21,11,87,21,soleil,import,62
2024-01-20,7,35,49,pluie,export,54
2024-02-04,14,32,35,soleil,export,35
2024-10-21,9,74,10,pluie,export,58
2024-03-14,17,32,3,soleil,import,27
2024-07-22,3,88,40,pluie,export,81
2024-12-05,11,35,38,pluie,export,56
2024-08-28,1,10,58,pluie,import,38
2024-03-07,5,114,48,pluie,export,97
2024-10-03,13,18,36,soleil,import,25
2024-11-23,3,110,13,pluie,import,77
2024-11-19,4,48,15,soleil,import,30
2024-06-17,14,21,16,pluie,import,35
2024-11-11,9,98,44,pluie,export,94
2024-07-25,3,86,17,soleil,export,63
2024-09-27,6,68,11,pluie,export,58
2024-03-01,15,90,47,pluie,export,84
2024-09-13,5,75,58,soleil,export,66
2024-04-05,14,51,1,soleil,export,33
2024-01-08,18,37,24,pluie,import,42
2024-05-13,23,31,52,pluie,export,46
2024-05-03,4,14,43,soleil,import,24
2024-10-28,10,22,27,soleil,import,32
2024-11-10,11,87,25,soleil,export,64
2024-12-24,12,96,38,soleil,export,72
2024-04-29,4,45,37,soleil,import,44
2024-09-29,10,10,48,soleil,import,25
2024-10-24,16,25,58,pluie,import,50
2024-06-08,19,18,21,soleil,export,24
2024-09-18,8,22,12,soleil,export,28
2024-06-12,6,72,33,soleil,export,61
2024-01-25,0,77,4,pluie,export,52
2024-01-11,2,87,24,pluie,export,72
2024-02-02,15,5,7,pluie,import,19
2024-08-02,10,24,3,soleil,import,19
2024-03-13,2,99,34,soleil,export,77
2024-11-02,2,66,16,pluie,import,56
2024-09-04,4,50,35,pluie,import,59
2024-12-26,13,72,30,pluie,import,68
2024-03-23,15,6,36,pluie,import,31
2024-10-04,10,35,26,soleil,import,34
2024-07-01,22,33,8,pluie,export,33
2024-12-20,18,102,28,soleil,import,77
2024-04-30,9,50,4,pluie,import,43
2024-03-28,10,18,5,pluie,import,30
2024-06-02,2,119,51,pluie,export,98
2024-10-05,19,113,11,soleil,import,75
2024-02-08,15,95,22,soleil,import,75
2024-12-13,22,48,6,soleil,export,26
2024-06-08,21,46,47,soleil,export,48
2024-08-28,15,26,8,pluie,import,33
2024-08-31,11,99,1,pluie,import,79
2024-02-26,20,28,14,soleil,import,22
2024-03-27,20,107,31,soleil,import,85
2024-03-13,0,64,1,soleil,import,34
2024-05-07,2,24,2,pluie,export,25
2024-10-14,22,8,12,soleil,export,11
2024-06-06,1,53,49,soleil,export,49
2024-07-13,3,90,21,pluie,import,72
2024-07-29,20,62,34,soleil,import,52
2024-11-24,15,101,59,soleil,export,84
2024-06-19,22,40,5,soleil,export,26
2024-07-02,17,107,23,soleil,export,79
2024-04-25,14,81,16,soleil,export,55
2024-10-18,16,24,59,soleil,export,44
2024-02-19,13,44,7,pluie,export,47
2024-08-16,0,120,56,pluie,export,99
2024-10-27,22,64,46,pluie,import,67
2024-09-15,16,9,59,pluie,import,46
2024-06-26,17,65,6,soleil,import,49
2024-11-07,20,42,28,pluie,import,51
2024-06-27,5,113,30,pluie,export,86
2024-12-19,20,72,1,soleil,import,45
2024-04-09,6,73,37,pluie,import,76
2024-08-10,11,32,35,soleil,import,41
2024-05-12,23,9,37,pluie,export,29
2024-12-21,2,85,56,soleil,export,78
2024-03-13,22,91,44,pluie,export,87
2024-05-12,9,22,12,soleil,export,19
2024-10-09,4,33,14,soleil,export,27
2024-10-10,3,82,36,soleil,import,67
2024-10-27,20,41,41,soleil,import,42
2024-11-01,15,31,35,soleil,export,32
2024-11-27,21,54,54,pluie,import,65
2024-10-25,6,87,10,pluie,export,74
2024-10-31,16,72,53,soleil,import,71
2024-01-26,23,58,52,pluie,export,66
2024-11-17,20,103,36,soleil,export,84
2024-03-18,16,118,27,pluie,import,100
2024-10-06,18,115,6,pluie,import,87
2024-12-02,0,12,7,soleil,import,7
2024-09-10,22,28,25,soleil,import,27
2024-04-05,17,48,7,pluie,export,47
2024-08-04,10,91,12,pluie,export,73
2024-08-17,20,38,23,soleil,export,39
2024-04-26,17,99,54,soleil,export,83
2024-08-29,9,17,6,pluie,export,25
2024-10-17,17,76,20,soleil,import,55
2024-07-18,4,7,34,pluie,import,30
2024-06-27,15,67,55,pluie,import,76
2024-01-17,7,118,15,soleil,import,76
2024-03-20,21,51,40,pluie,export,51
2024-03-03,20,73,4,soleil,import,46
2024-09-12,23,26,59,pluie,import,45
2024-01-09,21,36,18,soleil,export,26
2024-06-02,21,14,5,pluie,export,23
2024-01-27,1,23,12,soleil,import,15
2024-04-02,3,106,45,soleil,import,76
2024-12-27,23,115,32,soleil,import,79
2024-06-04,2,8,14,soleil,export,10
2024-03-26,23,31,18,soleil,export,24
2024-01-22,9,56,7,soleil,import,43
2024-08-16,19,67,48,pluie,export,77
2024-09-18,17,35,1,soleil,import,27
2024-05-06,18,24,41,pluie,export,48
2024-11-11,20,37,58,soleil,import,45
2024-11-13,20,39,31,soleil,import,35
2024-02-12,12,71,16,pluie,export,66
2024-07-07,23,95,9,pluie,export,65
2024-04-23,18,120,3,pluie,import,86
2024-01-08,10,28,26,soleil,import,35
2024-12-05,17,24,49,pluie,import,47
2024-08-20,17,94,9,pluie,import,74
2024-02-13,8,27,50,pluie,export,53
2024-09-29,21,7,2,pluie,export,17
2024-02-08,7,41,3,soleil,import,26
2024-01-02,15,63,29,pluie,import,62
2024-07-23,5,104,21,pluie,export,75
2024-04-17,9,71,25,soleil,import,58
2024-07-07,14,93,9,soleil,import,65
2024-09-13,22,10,11,pluie,export,24
2024-03-18,19,60,45,pluie,export,72
2024-01-09,2,93,8,pluie,import,71
2024-03-29,7,54,25,pluie,import,61
2024-04-11,7,116,2,soleil,import,70
2024-04-02,14,117,27,soleil,export,86
2024-11-06,1,31,22,soleil,export,26
2024-06-22,0,35,49,pluie,export,48
2024-02-16,7,104,5,soleil,import,71
2024-09-28,22,52,19,soleil,export,37
2024-12-19,11,100,29,soleil,import,80
2024-03-19,18,95,21,soleil,export,66
2024-09-24,6,89,60,pluie,import,93
2024-09-14,10,40,51,soleil,import,49
2024-10-24,22,49,41,soleil,export,41
2024-09-22,11,11,10,pluie,export,24
2024-01-07,9,66,17,soleil,export,56
2024-10-07,2,51,44,soleil,import,46
2024-08-21,19,68,19,pluie,import,63
2024-08-02,7,10,58,pluie,export,41
2024-09-08,9,47,4,soleil,export,34
2024-08-15,1,63,22,pluie,import,56
2024-10-26,11,89,14,soleil,import,59
2024-01-10,4,12,8,soleil,export,10
2024-08-04,21,25,4,soleil,import,19
2024-03-03,10,52,5,pluie,import,46
2024-02-12,18,92,14,pluie,import,77
2024-01-04,18,44,28,pluie,export,51
2024-08-31,3,100,23,soleil,export,73
2024-08-22,7,98,40,pluie,import,86
2024-09-22,7,79,27,pluie,export,76
2024-10-17,18,63,16,soleil,export,48
2024-05-05,13,113,50,pluie,import,104
2024-12-22,4,16,47,soleil,import,30
2024-01-24,9,49,50,pluie,import,63
2024-05-17,18,105,36,pluie,import,90
2024-06-20,2,14,5,soleil,export,15
2024-04-17,3,60,2,soleil,export,41
2024-12-24,14,10,18,soleil,export,15
2024-08-13,8,20,14,pluie,import,32
2024-11-24,9,29,34,soleil,export,31
2024-12-09,1,108,40,soleil,export,80
2024-03-22,16,118,22,pluie,export,95
2024-08-20,15,65,47,soleil,export,66
2024-04-13,17,110,3,pluie,export,77
2024-01-19,11,36,10,pluie,export,39
2024-01-10,12,24,37,pluie,import,45
2024-10-26,12,108,4,pluie,import,82
2024-12-22,10,102,14,pluie,import,79
2024-08-02,12,103,8,soleil,import,74
2024-01-15,16,35,40,soleil,import,42
2024-07-02,3,83,25,soleil,import,60
2024-09-12,21,100,46,soleil,export,73
2024-02-07,2,72,19,pluie,import,61
2024-04-01,17,82,52,pluie,import,89
2024-03-02,6,65,5,pluie,import,59
2024-10-10,16,93,23,pluie,export,77
2024-09-30,22,100,59,pluie,import,89
2024-03-29,12,85,35,soleil,import,66
2024-12-09,5,19,23,pluie,export,35
2024-07-18,0,111,19,pluie,export,81
2024-11-02,21,17,46,soleil,export,27
2024-07-08,11,76,43,pluie,import,73
2024-01-19,0,116,17,pluie,import,82
2024-03-19,3,71,28,pluie,export,59
2024-02-01,18,114,39,soleil,import,84
2024-08-22,23,117,24,soleil,export,82
2024-02-25,10,68,21,pluie,export,69
2024-11-25,14,65,7,pluie,import,61
2024-04-05,5,96,38,pluie,export,85
2024-06-21,22,39,55,soleil,export,40
2024-12-25,3,37,29,soleil,import,34
2024-11-16,0,102,2,pluie,export,71
2024-11-20,0,55,26,soleil,export,40
2024-08-31,17,82,16,soleil,export,60
2024-10-16,21,81,15,pluie,export,67
2024-08-03,17,109,60,pluie,export,99
2024-07-02,5,99,21,pluie,export,79
2024-05-15,9,71,10,soleil,import,48
2024-11-04,19,69,26,pluie,export,70
2024-07-06,23,21,49,pluie,import,41
2024-08-28,4,7,6,soleil,import,8
2024-10-14,6,57,7,soleil,export,39
2024-06-21,12,58,9,soleil,export,44
2024-02-05,23,49,21,soleil,export,39
2024-06-24,5,17,12,pluie,import,28
2024-05-25,0,65,29,pluie,export,61
2024-04-05,18,40,53,soleil,export,52
2024-05-13,12,40,35,soleil,import,47
2024-05-31,12,103,9,pluie,import,84
2024-09-04,8,12,21,soleil,export,25
2024-04-15,12,56,53,soleil,export,58
2024-03-27,1,38,17,soleil,import,27
2024-08-15,4,75,60,soleil,export,69
2024-01-02,6,34,10,pluie,import,40
2024-07-22,1,100,55,soleil,export,85
2024-06-27,7,89,14,soleil,import,63
2024-02-10,10,55,50,soleil,import,57
2024-10-27,17,103,21,soleil,import,73
2024-08-29,9,51,7,soleil,import,36
2024-08-21,10,65,51,pluie,export,71
2024-05-23,7,13,46,pluie,import,43
2024-08-14,5,9,15,pluie,export,20
2024-10-16,3,64,21,soleil,import,41
2024-06-13,16,23,12,soleil,export,25
2024-11-14,21,67,10,pluie,export,54
2024-11-23,4,73,36,pluie,export,64
2024-08-01,22,36,32,soleil,import,37
2024-02-29,13,113,44,soleil,import,88
2024-02-16,22,92,21,pluie,export,77
2024-02-29,15,20,41,soleil,import,37
2024-06-27,22,92,4,soleil,import,52
2024-10-20,0,66,7,soleil,export,43
2024-09-19,23,33,19,soleil,export,28
2024-10-24,10,9,39,soleil,export,30
2024-07-06,3,86,9,soleil,import,53
2024-11-02,14,24,38,soleil,export,29
2024-04-10,9,84,20,soleil,import,67
2024-10-06,13,79,29,soleil,import,59
2024-07-27,18,14,2,pluie,import,22
2024-07-12,3,88,33,pluie,import,74
2024-03-23,6,21,43,soleil,import,39
2024-06-04,16,110,21,soleil,import,80
2024-03-17,9,115,55,pluie,import,108
2024-09-30,19,94,21,pluie,export,76
2024-10-20,5,28,4,soleil,export,23
2024-10-08,2,5,33,soleil,export,16
2024-07-14,1,100,51,soleil,export,79
2024-10-29,8,85,26,pluie,export,78
2024-08-07,20,107,16,soleil,export,78
2024-12-12,14,39,8,pluie,export,41
2024-07-09,18,17,20,soleil,export,23
2024-06-08,11,92,24,pluie,import,82
2024-06-21,9,61,33,soleil,export,55
2024-10-21,18,8,59,pluie,import,41
2024-08-07,12,62,34,soleil,export,58
2024-05-21,9,105,33,soleil,export,78
2024-05-09,9,117,48,pluie,export,105
2024-04-03,4,7,15,soleil,import,8
2024-12-16,2,29,35,soleil,export,34
2024-01-23,7,34,3,pluie,import,41
2024-07-01,21,43,16,pluie,export,44
2024-10-27,16,120,34,pluie,import,104
2024-09-11,13,33,51,pluie,export,50
2024-12-11,23,19,42,pluie,export,37
2024-04-25,18,13,8,soleil,export,20
2024-01-18,13,61,8,pluie,export,55
2024-04-17,9,48,21,soleil,export,38
2024-01-25,11,22,32,pluie,import,46
2024-11-25,19,52,11,soleil,export,42
2024-07-13,18,26,12,soleil,import,26
2024-04-15,21,107,54,soleil,export,80
2024-02-19,0,117,42,pluie,export,102
2024-03-29,5,86,59,soleil,import,77
2024-11-30,4,23,2,pluie,import,29
2024-01-29,9,114,21,pluie,import,96
2024-11-11,5,77,7,pluie,export,54
2024-05-22,14,83,7,soleil,export,56
2024-06-10,18,19,19,soleil,export,25
2024-03-03,9,101,33,soleil,export,80
2024-07-10,17,89,26,pluie,import,83
2024-11-22,10,66,38,soleil,import,63
2024-01-01,5,86,3,soleil,export,55
2024-12-28,2,44,42,soleil,export,46
2024-07-11,17,71,48,soleil,export,68
2024-08-25,19,116,6,pluie,export,86
2024-09-15,1,50,18,pluie,export,42
2024-10-17,3,86,13,soleil,import,54
2024-09-27,4,41,1,soleil,export,20
2024-10-19,15,8,13,pluie,import,28
2024-07-21,10,58,39,soleil,import,54
2024-12-26,19,27,11,pluie,import,39
2024-11-13,12,103,52,soleil,export,88
2024-06-02,7,109,25,soleil,import,76
2024-08-23,23,120,27,pluie,export,93
2024-01-17,0,40,56,soleil,export,50
2024-06-28,6,82,23,pluie,export,72
2024-08-01,19,107,53,pluie,import,97
2024-05-09,3,54,58,soleil,export,58
2024-10-20,14,65,15,soleil,import,55
2024-01-16,19,90,22,soleil,export,66
2024-06-01,20,77,39,soleil,export,71
2024-12-02,3,99,23,pluie,import,78
2024-04-27,5,62,29,soleil,export,44
2024-06-16,3,48,31,soleil,export,41
2024-05-04,14,114,16,soleil,export,83
2024-09-24,16,6,12,soleil,export,15
2024-08-29,9,21,21,pluie,import,39
2024-04-29,5,99,10,pluie,import,72
2024-10-27,23,18,59,soleil,export,35
2024-03-26,4,53,25,soleil,export,46
2024-04-08,16,6,29,pluie,export,28
2024-01-13,11,116,38,soleil,export,92
2024-05-01,11,34,12,soleil,import,35
2024-02-28,1,7,5,soleil,import,11
2024-01-03,0,43,13,soleil,import,34
2024-08-20,7,86,25,pluie,export,78
2024-03-02,7,104,27,soleil,export,80
2024-01-28,4,54,51,soleil,import,53
2024-01-23,4,45,57,pluie,import,60
2024-06-24,2,101,55,soleil,import,80
2024-09-09,15,96,49,pluie,import,97
2024-02-10,19,23,19,pluie,import,39
2024-12-17,15,75,51,soleil,export,70
2024-10-15,20,49,55,pluie,import,67
2024-05-06,2,62,23,soleil,import,42
2024-10-10,13,55,16,pluie,import,49
2024-08-30,10,58,22,pluie,import,57
2024-05-09,23,82,36,pluie,import,76
2024-07-14,1,49,49,soleil,import,51
2024-09-07,9,118,7,pluie,export,90
2024-12-27,12,56,13,soleil,export,45
2024-04-09,5,32,57,soleil,import,40
2024-10-21,1,93,30,pluie,import,72
2024-03-20,6,120,4,soleil,import,81
2024-05-21,11,63,23,soleil,export,51
2024-04-13,6,50,50,pluie,export,62
2024-02-25,23,43,49,soleil,import,48
2024-07-20,3,44,48,soleil,import,50
2024-11-08,0,76,36,pluie,import,66
2024-06-08,5,13,21,pluie,import,28
2024-04-09,9,107,3,pluie,import,85
2024-02-24,18,69,59,soleil,export,74
2024-04-29,1,62,41,soleil,import,49
2024-08-18,0,10,20,pluie,export,24
2024-06-29,6,88,1,soleil,import,63
2024-11-11,13,41,34,soleil,import,47
2024-07-29,21,19,4,pluie,export,22
2024-07-28,12,23,12,pluie,export,37
2024-05-03,3,84,22,soleil,export,60
2024-02-28,8,91,30,soleil,import,70
2024-05-11,17,110,14,pluie,export,85
2024-10-09,1,49,9,soleil,export,37
2024-12-14,22,15,18,soleil,import,21
2024-04-20,4,66,18,pluie,import,51
2024-11-27,18,87,42,pluie,export,87
2024-06-23,9,47,28,pluie,import,52
2024-11-07,8,81,1,soleil,export,51
2024-09-20,10,27,50,soleil,export,40
2024-05-14,8,110,35,pluie,export,94
2024-11-04,7,90,1,soleil,export,56
2024-04-10,19,16,4,pluie,export,28
2024-11-13,7,49,31,soleil,import,48
2024-11-13,13,110,28,soleil,import,78
2024-12-07,2,90,3,pluie,import,65
2024-10-01,5,14,57,pluie,export,41
2024-08-05,7,107,26,soleil,export,82
2024-06-13,7,16,36,soleil,export,27
2024-07-17,7,7,41,soleil,export,29
2024-05-11,3,11,59,pluie,export,45
2024-03-23,23,24,47,pluie,export,42
2024-12-30,14,36,6,soleil,export,29
2024-03-16,18,116,58,soleil,import,100
2024-07-11,13,113,50,pluie,export,102
2024-03-30,8,98,55,pluie,export,92
2024-06-16,5,37,37,pluie,export,44
2024-05-28,6,34,33,pluie,export,46
2024-07-15,3,114,2,soleil,import,71
2024-05-26,11,8,33,soleil,import,28
2024-11-18,11,30,11,pluie,import,38
2024-04-14,6,82,13,pluie,export,70
2024-01-18,8,50,38,soleil,export,53
2024-05-08,0,99,22,pluie,export,76
2024-05-13,3,58,20,pluie,export,56
2024-11-21,8,56,14,pluie,export,58
2024-01-09,1,32,29,soleil,import,28
2024-07-26,17,60,6,pluie,export,53
2024-09-20,3,93,29,pluie,export,72
2024-07-12,9,76,42,pluie,import,77
2024-07-16,22,82,11,pluie,import,68
2024-03-24,16,76,13,soleil,import,53
2024-01-29,8,39,19,pluie,import,48
2024-07-23,13,12,35,pluie,import,32
2024-07-04,21,117,60,soleil,export,91
2024-12-27,1,64,35,pluie,export,66
2024-06-29,3,58,47,pluie,import,60
2024-09-28,12,70,26,soleil,export,55
2024-03-21,9,28,15,soleil,import,28
2024-02-23,1,41,14,soleil,import,32
2024-01-03,8,117,53,pluie,import,108
2024-07-09,3,20,5,soleil,export,12
2024-05-01,6,10,32,pluie,export,37
2024-10-05,3,102,38,soleil,export,73
2024-11-17,18,107,44,pluie,export,96
2024-07-08,21,116,3,pluie,export,78
2024-03-11,2,111,42,pluie,export,92
2024-12-24,16,59,21,pluie,export,53
2024-04-26,13,39,38,pluie,export,57
2024-08-13,7,7,10,pluie,import,27
2024-05-11,1,119,50,soleil,import,95
2024-06-16,23,58,15,soleil,import,38
2024-11-25,2,9,48,pluie,export,29
2024-12-07,22,60,33,pluie,export,55
2024-03-16,18,62,7,pluie,import,52
2024-04-25,0,83,1,pluie,export,62
2024-04-12,22,42,40,soleil,import,36
2024-11-10,11,7,37,pluie,import,29
2024-07-18,22,39,57,pluie,import,58
2024-01-08,3,52,43,pluie,export,59
2024-04-30,18,70,25,soleil,export,61
2024-12-12,14,80,18,soleil,import,60
2024-04-25,7,73,10,soleil,import,54
2024-07-16,13,72,7,pluie,import,56
2024-03-08,11,54,55,soleil,export,55
2024-05-11,23,38,57,soleil,export,44
2024-06-12,21,97,4,soleil,export,56
2024-10-25,7,63,53,pluie,import,73
2024-01-23,14,23,45,soleil,export,34
2024-11-03,16,108,54,soleil,import,89
2024-12-14,8,85,45,soleil,export,74
2024-03-05,23,84,59,pluie,export,88
2024-07-19,22,71,23,pluie,export,62
2024-10-29,4,102,45,pluie,import,85
2024-01-29,5,41,48,soleil,import,38
2024-10-22,16,105,28,soleil,import,74
2024-05-05,2,100,27,soleil,import,67
2024-10-03,6,104,2,soleil,export,68
2024-07-20,3,115,26,pluie,import,91
2024-06-13,5,84,10,soleil,import,54
2024-01-28,16,35,37,soleil,export,36
2024-04-06,18,32,2,soleil,import,25
2024-10-10,19,73,27,pluie,import,64
2024-04-07,11,49,21,soleil,export,37
2024-08-04,14,30,1,pluie,export,35
2024-07-17,3,71,52,soleil,export,59
2024-04-25,22,111,42,soleil,import,81
2024-04-18,17,70,21,pluie,export,70
2024-02-07,17,101,50,pluie,export,100
2024-10-09,9,103,56,pluie,export,95
2024-12-26,10,69,37,pluie,import,69
2024-07-30,2,49,32,pluie,export,50
2024-04-10,13,115,36,pluie,export,100
2024-01-17,4,25,39,soleil,import,31
2024-05-07,19,119,19,pluie,export,97
2024-02-29,23,26,32,soleil,export,33
2024-10-15,23,89,7,soleil,export,52
2024-05-17,12,64,37,pluie,import,63
2024-06-24,19,71,32,soleil,import,60
2024-10-28,2,22,30,soleil,export,22
2024-03-30,21,49,31,pluie,import,51
2024-04-09,12,89,42,soleil,export,79
2024-11-30,18,43,39,soleil,import,46
2024-11-16,23,13,37,soleil,import,27
2024-12-26,17,40,58,soleil,import,57
2024-01-22,16,47,30,soleil,export,41
2024-12-29,8,85,18,soleil,import,62
2024-11-11,12,24,60,soleil,export,41
2024-05-01,15,65,7,soleil,export,50
2024-04-23,19,81,33,soleil,export,68
2024-06-16,9,5,43,soleil,import,29
2024-01-21,14,57,27,soleil,export,47
2024-04-29,9,20,5,soleil,import,17
2024-09-11,6,102,19,pluie,export,84
2024-07-06,7,94,23,soleil,import,70
2024-11-26,7,88,38,pluie,export,82
2024-01-16,11,41,23,soleil,export,42
2024-08-31,6,119,30,pluie,export,93
2024-01-14,22,37,2,pluie,import,38
2024-08-31,17,28,15,soleil,export,23
2024-01-24,19,11,8,pluie,import,20
2024-07-05,7,104,44,soleil,export,90
2024-01-27,22,9,25,soleil,export,17
2024-09-24,15,63,50,pluie,import,71
2024-12-14,21,83,59,soleil,export,69
2024-04-12,23,30,26,soleil,import,23
2024-08-04,23,53,14,pluie,import,44
2024-07-08,1,28,21,soleil,import,23
2024-08-24,2,73,24,soleil,import,52
2024-09-19,2,42,16,soleil,import,36
2024-05-07,2,112,58,soleil,export,94
2024-02-27,22,65,35,pluie,import,63
2024-05-18,3,28,16,pluie,import,38
2024-04-05,7,91,59,soleil,import,84
2024-06-15,11,49,25,pluie,export,53
2024-09-07,9,116,47,soleil,import,91
2024-04-12,13,108,17,soleil,import,79
2024-09-16,20,29,2,soleil,export,27
2024-07-20,13,98,19,soleil,export,73
2024-08-04,9,25,13,soleil,export,30
2024-08-30,8,24,59,soleil,export,41
2024-04-25,13,38,56,pluie,export,60
2024-11-10,4,106,10,pluie,export,72
2024-01-05,16,63,11,soleil,export,46
2024-01-21,14,28,6,pluie,export,33
2024-01-20,5,103,36,soleil,export,78
2024-03-24,7,55,35,soleil,export,50
2024-03-15,16,45,6,soleil,export,29
2024-06-14,23,22,59,soleil,export,40
2024-03-23,2,34,16,soleil,export,23
2024-08-31,4,52,28,soleil,export,46
2024-09-01,3,93,40,pluie,export,77
2024-02-11,23,113,32,pluie,import,95
2024-12-29,14,90,38,soleil,import,76
2024-01-06,5,105,42,pluie,import,92
2024-02-18,1,29,15,soleil,export,25
2024-09-17,14,37,57,pluie,import,59
2024-06-04,14,40,30,soleil,export,44
2024-06-06,19,34,24,soleil,export,31
2024-06-23,7,32,22,soleil,export,30
2024-01-11,13,105,16,soleil,import,75
2024-09-26,2,93,37,pluie,import,77
2024-06-04,18,96,17,pluie,export,78
2024-09-29,15,105,6,soleil,import,68
2024-03-27,8,29,48,soleil,export,36
2024-11-23,7,87,21,pluie,export,75
2024-05-29,0,91,51,soleil,import,72
2024-03-26,18,28,23,pluie,import,39
2024-05-27,21,50,60,soleil,import,49
